<?xml version="1.0" encoding="utf-8"?>

<ProtoTraits>
  <MinNo>30000</MinNo>
  <MaxNo>32000</MaxNo>
</ProtoTraits>

<Proto>
  <include name="stdio" desc="stdio.h" />
  <!-- 支持常量类型 如下是示例代码-->
  <!-- 服务类型 -->
  <const name="DBServer" type="ui16" value="1" desc=""/>
  <const name="GameServer" type="ui16" value="2" desc=""/>
  <const name="BattleServer" type="ui16" value="3" desc="BattleServer"/>
  <const name="CenterServer" type="ui16" value="4" desc=""/>
  <const name="AgentServer" type="ui16" value="5" desc=""/>


  <!-- 支持结构体类型 如下是示例代码-->
  <struct name="AuthInfo" desc="认证信息">
    <member name="user" type="string"   desc=""/>
    <member name="pwd"  type="string"  desc=""/>
    <member name="accID"  type="ui64" desc="帐号ID"/>
  </struct>

  <!-- 支持数据类型 如下是示例代码-->
  <array name="intVct" type="int" desc=" -- - --"/>
  <array name="AuthInfoVct" type="AuthInfo" desc=""/>
  
  <!-- 支持KV数据类型 如下是示例代码-->
  <map name="MapUserAuth" key="string" value="AuthInfoVct" desc="22323"/>
  
  <!-- 支持协议类型, 可自动生成对应的ID号和结构体类型 如下是示例代码-->
  <proto from="XS" to="OS" name="ServerInitNotify" desc= "服务初始化通知">
  	<member name="serverID" type="i16"   desc=""/>
    <member name="info" type="AuthInfo"   desc=""/>
  </proto>

  <proto from="XS" to="OS" name="StopServer" desc= "服务关闭通知" >
  </proto>
  
	<proto from="XS" to="OS" name="ServerPulse" desc= "服务心跳" >
  </proto>

  
</Proto>
